{
  "disposition_accuracy": 0.7555555555555555,
  "false_clear_rate_weighted": 0.2251655629139073,
  "sanctions_precision": 1.0,
  "sanctions_recall": 1.0,
  "latency_p50_ms": 51.492333004716784,
  "latency_p95_ms": 57.185760044376366,
  "total_cost_usd": 0.0,
  "eval_size": 90,
  "generated_at": "2026-06-23T13:20:10.166083Z"
}