{
  "eval_size": 90,
  "generated_at": "2026-07-09T14:15:24.182587Z",
  "disposition_accuracy": 0.7888888888888889,
  "false_clear_rate_weighted": 0.17218543046357615,
  "sanctions_precision": 1.0,
  "sanctions_recall": 1.0,
  "latency_p50_ms": 0.47262548469007015,
  "latency_p95_ms": 0.6062561878934501,
  "total_tokens_used": 0,
  "total_cost_usd": 0.0,
  "human_review_rate": 0.16666666666666666,
  "override_rate": 0.05555555555555555,
  "baseline_disposition_accuracy": 0.7555555555555555,
  "baseline_false_clear_rate": 0.2251655629139073,
  "delta_accuracy": 0.033333333333333326,
  "delta_false_clear_rate": -0.05298013245033115
}