{
  "generated_at": "2026-07-12T01:02:09.789155Z",
  "eval_size": 90,
  "protocol_version": "1.0",
  "framework_version_information": {
    "python": "3.11.7",
    "langgraph": "1.2.8",
    "crewai": "1.15.2",
    "openai_agents": "0.18.2"
  },
  "phase1_accuracy": 0.7555555555555555,
  "phase2_accuracy": 0.7888888888888889,
  "frameworks": [
    {
      "framework": "langgraph",
      "disposition_accuracy": 0.7888888888888889,
      "false_clear_rate_weighted": 0.17218543046357615,
      "override_rate": 0.05555555555555555,
      "human_review_rate": 0.16666666666666666,
      "latency_p50_ms": 0.7812085095793009,
      "latency_p95_ms": 0.9760189102962612,
      "average_latency_ms": 0.8433272699928946,
      "minimum_latency_ms": 0.6662909872829914,
      "maximum_latency_ms": 3.6987080238759518,
      "case_count": 90,
      "zero_cost_verified": true,
      "zero_tokens_verified": true,
      "loc": 70,
      "total_cost_usd": 0.0,
      "eval_size": 90
    },
    {
      "framework": "crewai",
      "disposition_accuracy": 0.7888888888888889,
      "false_clear_rate_weighted": 0.17218543046357615,
      "override_rate": 0.05555555555555555,
      "human_review_rate": 0.16666666666666666,
      "latency_p50_ms": 42.96302096918225,
      "latency_p95_ms": 63.26698933262377,
      "average_latency_ms": 46.452345279976726,
      "minimum_latency_ms": 36.097084172070026,
      "maximum_latency_ms": 149.9998748768121,
      "case_count": 90,
      "zero_cost_verified": true,
      "zero_tokens_verified": true,
      "loc": 247,
      "total_cost_usd": 0.0,
      "eval_size": 90
    },
    {
      "framework": "openai_agents",
      "disposition_accuracy": 0.7888888888888889,
      "false_clear_rate_weighted": 0.17218543046357615,
      "override_rate": 0.05555555555555555,
      "human_review_rate": 0.16666666666666666,
      "latency_p50_ms": 3.8090000161901116,
      "latency_p95_ms": 4.167543724179267,
      "average_latency_ms": 4.236511133300762,
      "minimum_latency_ms": 3.6192911211401224,
      "maximum_latency_ms": 35.69887508638203,
      "case_count": 90,
      "zero_cost_verified": true,
      "zero_tokens_verified": true,
      "loc": 376,
      "total_cost_usd": 0.0,
      "eval_size": 90
    }
  ],
  "all_dispositions_agree": true,
  "all_reasoning_agree": true,
  "all_human_review_flags_agree": true,
  "all_costs_zero": true,
  "all_tokens_zero": true,
  "comparison_passed": true
}
